﻿<?xml version="1.0" encoding="utf-8"?>
<!--<shape xmlns:android="http://schemas.android.com/apk/res/android">
  <solid android:color="@android:color/transparent" />
  <corners android:radius="5dp" />
  <stroke
      android:width="1dp"
      android:color="@color/colorPrimaryDark" />
</shape>-->
<selector xmlns:android="http://schemas.android.com/apk/res/android">
  <item>
    <layer-list>
      <item>
        <shape>
          <gradient android:angle="90" android:endColor="@android:color/transparent" android:startColor="@android:color/transparent" android:type="linear" />
          <stroke 
            android:color="#9e9a9a"
            android:width="1dp"/>
          <corners android:radius="5dp" />
          <padding android:bottom="3dp" android:left="3dp" android:right="3dp" android:top="3dp" />
        </shape>
      </item>
      <item android:right="2dp">
        <bitmap android:gravity="right|center" 
                android:src="@drawable/gradient_spinner"
                android:layout_width="20dp"
					      android:layout_height="20dp"/>
        
      </item>
    </layer-list>
  </item>
</selector>